Name,Latitude,Longitude,Votes,Rating,Type,City
Amélie,40.7327,-73.99766,2623,4.5,american,ny
Upstate,40.726373,-73.986557,1817,4.5,american,ny
LoveMama,40.7303859,-73.9860613,4736,4.5,american,ny
Aunt Jake's,40.7190315,-73.9977161,1393,4.0,american,ny
Barn Joo,40.73684,-73.99069,1553,4.0,american,ny
Uglyduckling,40.686023,-73.991302,468,4.0,american,ny
Thai Villa,40.73902,-73.99065,3064,4.5,american,ny
Boucherie West Village,40.733063,-74.0028772,1326,4.5,american,ny
nonono,40.74545,-73.98499,601,4.5,american,ny
Burger & Lobster,40.74007,-73.99344,5332,4.0,american,ny
Fishmarket Restaurant,40.70717,-74.00192,540,4.5,american,ny
Barn Joo 35,40.74964,-73.98582,1836,4.5,american,ny
Salt + Charcoal,40.71453,-73.9613511,428,4.0,american,ny
Joe's Shanghai,40.7146691442891,-73.9977602206654,6005,4.0,american,ny
Balzem,40.721408,-73.995415,415,4.0,american,ny
Pig and Khao,40.71926,-73.98475,1571,4.0,american,ny
Paesano of Mulberry Street,40.718554,-73.997447,834,4.0,american,ny
Juliana's Pizza,40.7026153030093,-73.9934159993549,2121,4.5,american,ny
Bogota Latin Bistro,40.678165,-73.978976,2138,4.0,american,ny
L'Artusi,40.733714,-74.005068,1780,4.5,american,ny
Ipanema Restaurant,40.757072217349,-73.9807795529175,1321,4.0,american,ny
Zusik,40.73864,-74.00029,119,4.5,american,ny
1803,40.715498,-74.007178,326,4.5,american,ny
Trading Post,40.7059604,-74.0041871,412,4.0,american,ny
Jajaja,40.7141530317142,-73.9904247969389,859,4.5,american,ny
Jacob's Pickles,40.7866504411994,-73.9755284786224,3979,4.0,american,ny
Zen Yai Pho Noodle Bar,40.713897,-73.960337,39,4.5,american,ny
Da Andrea,40.736218,-73.99597,733,4.0,american,ny
Gelso & Grand,40.7194089547259,-73.9973777877722,855,4.0,american,ny
Alta,40.7345163811398,-73.9983369619683,1871,4.0,american,ny
Chow House,40.72915,-74.00072,340,4.5,american,ny
Rubirosa,40.72275,-73.99622,2104,4.5,american,ny
Thursday Kitchen,40.7275,-73.9838,1272,4.5,american,ny
Les Enfants de Boheme,40.7136187,-73.9888503,228,4.5,american,ny
Anytime,40.74779,-73.98674,1047,4.5,american,ny
Atrium Dumbo,40.7033899,-73.9904923,659,3.5,american,ny
Carmine's Italian Restaurant - Times Square,40.7574955824307,-73.9866844540098,3667,4.0,american,ny
The Jin,40.76857,-73.98874,193,4.5,american,ny
Bea,40.7591968,-73.9923361,2434,4.0,american,ny
Piccola Cucina Osteria,40.72506,-74.00322,498,4.5,american,ny
Momo King,40.6918,-73.98617,13,4.5,american,ny
Antica Ristorante,40.7039355145338,-74.0121731758117,491,4.5,american,ny
Raku,40.7264988089246,-73.9866526052356,1005,4.5,american,ny
Pepe Rosso Social,40.72007,-73.99618,812,4.0,american,ny
Ippudo NY,40.73092,-73.99015,9898,4.0,american,ny
Chama Mama,40.7384,-73.99892,173,4.5,american,ny
Silver Factory,40.709227,-73.958598,176,4.5,american,ny
Zhen Wei Fang,40.72128,-73.99343,170,4.0,american,ny
Ainslie,40.712343,-73.952121,84,4.0,american,ny
Raku,40.72728,-74.00252,321,4.5,american,ny
The Boil,40.71974,-73.99339,1870,4.5,american,ny
Boucherie Union Square,40.73715,-73.98789,664,4.5,american,ny
PMF Pardon My French,40.72473,-73.98115,942,4.0,american,ny
Somtum Der,40.7252151982238,-73.9842741682317,703,4.0,american,ny
HandCraft Kitchen & Cocktails,40.74103,-73.98132,372,4.0,american,ny
Supper,40.7229,-73.98527,1268,4.0,american,ny
Da Yu Hot Pot 大渝火锅,40.716733,-73.995379,111,4.0,american,ny
Root & Bone,40.72272,-73.98334,1562,4.0,american,ny
Blue Ribbon Brasserie - SoHo,40.725456,-74.003027,925,4.5,american,ny
Olio e Piú,40.733826,-73.999852,2029,4.0,american,ny
Tableside Italian Cook Shoppe,40.7266287,-73.9863384,246,4.5,american,ny
TONCHIN NEW YORK,40.7502727,-73.9844951,1013,4.5,american,ny
BoCaphe,40.722046,-73.997557,1377,4.0,american,ny
Bijan's,40.68803,-73.98671,539,4.0,american,ny
Peter Luger,40.709945,-73.962478,5598,4.0,american,ny
Naked Dog,40.7312720665479,-73.9593493647979,192,4.5,american,ny
DOMODOMO New York,40.72803,-74.00167,1021,4.5,american,ny
Dun Huang - East Village,40.73081,-73.98568,305,4.5,american,ny
Jora Restaurant & Bar,40.7438054,-73.9515007,578,4.5,american,ny
Jack the Horse Tavern,40.699973,-73.993781,386,4.0,american,ny
JeJu Noodle Bar,40.73304,-74.00734,485,4.5,american,ny
Jajaja,40.72979,-74.00455,73,4.5,american,ny
Celestine,40.704676,-73.987975,204,4.0,american,ny
Benemon,40.72551,-73.98838,529,4.5,american,ny
The River Café,40.70318,-73.9946499,1110,4.0,american,ny
Lillo Cucina Italiana,40.69023,-73.99634,119,5.0,american,ny
Claw Daddy's,40.68561,-73.98035,401,4.0,american,ny
Carroll Place,40.7287,-73.99971,1030,4.0,american,ny
District Social,40.75369,-73.99136,660,4.0,american,ny
BlackTail,40.7044769199104,-74.0174372308775,280,4.5,american,ny
Toloache 50,40.762325,-73.9855741,1904,4.0,american,ny
Soco,40.693866,-73.964535,2087,4.0,american,ny
Ootoya Chelsea,40.738767,-73.992778,1366,4.0,american,ny
The Osprey,40.702241,-73.995539,182,4.0,american,ny
The MasalaWala,40.72191,-73.98666,1440,4.5,american,ny
Hao Noodle and Tea By Madam Zhu's Kitchen,40.7334863190479,-73.9998929006093,697,4.0,american,ny
Pado,40.7314,-73.98589,256,4.5,american,ny
Noodle Pudding,40.69979,-73.99203,556,4.0,american,ny
Otis,40.706011,-73.932598,257,5.0,american,ny
Wayla,40.71828,-73.99275,177,4.5,american,ny
Gramercy Tavern,40.738527,-73.988417,2846,4.5,american,ny
City Vineyard,40.7205582,-74.0118093,796,4.0,american,ny
Emily,40.68351,-73.96643,743,4.0,american,ny
Aurora,40.715621,-73.964757,583,4.0,american,ny
Nyonya,40.7190148,-73.9968228,2049,4.0,american,ny
88 Lan Zhou Handmade Noodle,40.7155,-73.99675,1787,4.0,american,ny
Galli,40.72161,-74.00127,901,4.0,american,ny
Top Thai Greenwich,40.72977,-73.99939,1314,4.5,american,ny
Fish Cheeks,40.7258,-73.9927,524,4.5,american,ny
Win Son,40.70747,-73.94339,442,4.0,american,ny
Wah Fung No 1 Fast Food,40.71735,-73.99457,1356,4.5,american,ny
Luke's Lobster FiDi,40.7046213003984,-74.0107793876969,1130,4.5,american,ny
The Ribbon,40.7576,-73.98693,138,4.0,american,ny
Juanchi's Burger,40.713003,-73.958863,386,4.5,american,ny
Traif,40.710658,-73.958872,1842,4.5,american,ny
Hao Noodle Chelsea,40.7406999,-74.00436,334,4.5,american,ny
Tsurutontan Udon Noodle Brasserie,40.73678,-73.9910699,1763,4.0,american,ny
Rabbit House Japanese Tapas & Sake Bar,40.71725,-73.99329,218,4.5,american,ny
Ugly Kitchen,40.7266856651479,-73.9862178981476,610,4.0,american,ny
Basta Pasta,40.73881,-73.99407,1406,4.0,american,ny
Westville Dumbo,40.7017969340086,-73.9896315336227,269,4.0,american,ny
Savida,40.71645,-74.00783,66,4.5,american,ny
IL Brigante,40.707492,-74.002571,379,4.0,american,ny
Buddakan,40.7422762672197,-74.0048000961542,3894,4.0,american,ny
Ducks Eatery,40.7306252,-73.9846268,618,4.0,american,ny
Fong On,40.71417,-73.9937,47,4.5,american,ny
Rasa,40.7327654,-73.9975674,685,4.0,american,ny
Clay Pot - East Village,40.7279880270274,-73.9865907985248,299,4.5,american,ny
The Binc,40.6992682,-73.9923109,69,4.5,american,ny
Maharlika,40.72695,-73.98611,1491,4.0,american,ny
La Sirène-Soho,40.7243642217227,-74.005708694458,1584,4.5,american,ny
Evelina,40.689722,-73.971003,151,4.5,american,ny
Khe-Yo,40.716906,-74.008587,710,4.0,american,ny
China Blue,40.724038,-74.009958,675,4.0,american,ny
Izakaya Juraku,40.7196796287355,-73.9887088537216,82,4.5,american,ny
Lilia,40.71757,-73.95236,754,4.0,american,ny
Boqueria Soho,40.724912,-74.0021299,974,4.0,american,ny
OBAO,40.7606544,-73.991332,2463,4.0,american,ny
Peaches HotHouse,40.6833699737169,-73.9437798410654,1137,4.0,american,ny
Red Hook Lobster Pound,40.6797687107191,-74.0103686973453,1053,4.0,american,ny
GunBae,40.714683,-74.010223,257,4.0,american,ny
Excuse My French,40.71844,-73.98981,268,4.5,american,ny
Pepe Giallo,40.7468940064083,-74.0049896784992,624,4.0,american,ny
Up Thai,40.7698275926665,-73.9576330868512,2178,4.5,american,ny
Sauce & Barrel,40.707999,-74.0142651,377,4.0,american,ny
Set L.E.S,40.7198495417833,-73.9885318279266,427,4.0,american,ny
Malatesta Trattoria,40.73285,-74.00847,1227,4.0,american,ny
Claw Daddy's,40.722071,-73.98847,1604,4.0,american,ny
Kaikagetsu NYC,40.72104,-73.98848,50,4.5,american,ny
Pollo D' Oro,40.6949059702115,-73.9833294451642,243,4.0,american,ny
Time Out Market New York,40.7037211399782,-73.9918105285751,194,3.5,american,ny
Roberta's,40.705043534338,-73.93357123374,2764,4.0,american,ny
Lupa,40.7276,-74.000045,1501,4.0,american,ny
Mable's Smokehouse & Banquet Hall,40.7211890204726,-73.9570004492998,821,4.0,american,ny
Itaewon,40.7475125111924,-73.9867554408843,90,4.5,american,ny
Miss Ada,40.689436,-73.9723809,199,4.5,american,ny
Otaku Katsu,40.719384,-73.986529,29,4.5,american,ny
The Saint Austere,40.7114604,-73.9476182,381,4.5,american,ny
El Mate,40.6749782203506,-73.9995224876405,289,4.5,american,ny
Pies-n-Thighs,40.711191,-73.961424,2832,4.0,american,ny
Beauty & Essex,40.72037,-73.98677,3401,4.0,american,ny
shabushabu Mayumon,40.71434,-73.99205,8,5.0,american,ny
Forno Rosso,40.69446,-73.98316,662,4.0,american,ny
Nino's 46,40.7569159,-73.980516,1160,4.0,american,ny
Da Claudio,40.71087,-74.00753,448,4.5,american,ny
Uncle Boons,40.7211328622237,-73.9943286309159,936,4.0,american,ny
Scarpetta,40.744509,-73.9856,1875,4.0,american,ny
Emporio,40.7226371,-73.9951331,773,4.0,american,ny
The Horny Ram,40.75528,-73.96857,441,4.0,american,ny
Hometown Bar-B-Que,40.6748965703426,-74.0160489746129,1306,4.0,american,ny
Ugly Baby,40.67795,-73.9961,308,4.5,american,ny
Takashi,40.7313524,-74.0065048,977,4.0,american,ny
Gato,40.7255312,-73.9951947,1129,4.0,american,ny
Local 92,40.726957,-73.9885354,398,4.0,american,ny
Ise Restaurant,40.7291024,-73.9900618,426,4.5,american,ny
Shanghai 21,40.7144199,-73.99889,1607,4.0,american,ny
Misi,40.71341,-73.96662,240,4.0,american,ny
M Noodle Shop,40.720348,-73.988659,20,5.0,american,ny
Nostro East Village,40.726591,-73.9895454,19,4.5,american,ny
Takeshi Sushi,40.72294,-74.00464,71,4.5,american,ny
YunShang Rice Noodle House,40.71525,-73.99765,168,4.0,american,ny
Libertador Steakhouse - Brooklyn,40.6872890722053,-73.9980973979345,224,4.0,american,ny
Hakata Tonton,40.733234,-74.003326,991,4.0,american,ny
The Seafire Grill,40.7547012104496,-73.972255513072,1230,4.5,american,ny
Tanner Smiths,40.76442,-73.98169,1668,4.5,american,ny
Pio Pio 8,40.760506289326,-73.994564488901,2304,4.0,american,ny
Acqua Restaurant NYC,40.7082567,-74.001797,368,4.0,american,ny
Forma Pasta Factory,40.72371,-73.95157,116,5.0,american,ny
Lombardi's Pizza,40.7215934960083,-73.9955956044561,6012,4.0,american,ny
Tabaré,40.713046,-73.958968,632,4.0,american,ny
Very Fresh Noodles,40.7423387008486,-74.00625,923,4.5,american,ny
Cathédrale Restaurant,40.7316,-73.98951,51,4.0,american,ny
AlMar,40.702662,-73.989177,424,4.0,american,ny
Sugarcane Raw Bar Grill,40.703799,-73.992343,550,4.0,american,ny
Babbo,40.732283,-73.999284,2387,4.0,american,ny
Casa Enrique,40.743404338358,-73.954350367693,1146,4.0,american,ny
Boilery - East Village,40.73112,-73.98898,46,4.5,american,ny
Prince Street Pizza,40.7229087705545,-73.9944863319397,3256,4.5,american,ny
Daniel,40.7667736797858,-73.967607,1564,4.5,american,ny
Marea,40.7674213694566,-73.9810554368179,1994,4.0,american,ny
Rosie's,40.72492,-73.99079,683,4.0,american,ny
Han Dynasty,40.732072,-73.988074,1207,4.0,american,ny
Momofuku Ssam Bar,40.73169,-73.985846,2422,4.0,american,ny
The Meatball Shop,40.721651,-73.988746,2735,4.0,american,ny
Café China,40.7499225208569,-73.9819464127197,1579,4.0,american,ny
Douzo,40.7191369,-73.9908998,36,5.0,american,ny
Birds of a Feather,40.71442,-73.960441,301,4.0,american,ny
Baron's,40.6908116,-73.953915,274,4.0,american,ny
Lucali,40.6818,-74.00024,1463,4.5,american,ny
Tonkatsu Matsunoya,40.7533493041992,-73.9741592407227,374,4.0,american,ny
PizzArte,40.7629335072372,-73.9776668697596,1061,4.0,american,ny
Cecconi's Dumbo,40.7033063330116,-73.9916549604523,635,3.5,american,ny
DeStefano's Steakhouse,40.71503,-73.94767,807,4.5,american,ny
Gyu-Kaku Japanese BBQ,40.75908,-73.98989,1188,4.0,american,ny
Sea Wolf,40.70683,-73.9228,434,4.0,american,ny
Cocoron,40.7207236,-73.9953191,625,4.0,american,ny
Fresh Salt,40.70707,-74.00244,389,4.0,american,ny
Sakagura,40.7516467024541,-73.9729489318165,1770,4.0,american,ny
Shuka,40.72707,-74.00283,408,4.0,american,ny
Spicy Moon,40.72674,-73.98722,216,4.5,american,ny
Havana Central,40.75831,-73.98416,2223,4.0,american,ny
Despaña,40.7210686,-73.9979083,563,4.5,american,ny
Mominette,40.7032458,-73.9258954,663,4.0,american,ny
Tavola,40.755403,-73.994516,911,4.0,american,ny
LĒNA,40.719135,-73.991758,119,4.5,american,ny
Yara,40.75646,-73.9662,81,4.5,american,ny
Park Avenue Tavern,40.75031,-73.9783999,734,4.0,american,ny
Cafe Habana,40.722998,-73.994171,3134,4.0,american,ny
Izakaya,40.72667,-73.98738,246,4.0,american,ny
Dian Kitchen,40.72772,-73.98321,196,5.0,american,ny
Hupo琥珀,40.742827,-73.953575,24,4.5,american,ny
Cuba Restaurant and Rum Bar,40.729084,-73.998832,1520,4.0,american,ny
The Greek,40.7237145,-74.0096166,477,4.5,american,ny
Hold Fast Kitchen and Spirits,40.76064,-73.99023,272,5.0,american,ny
Sup Crab,40.71733,-73.99502,194,4.0,american,ny
Jongro BBQ,40.747514,-73.986884,1841,4.0,american,ny
Mermaid Oyster Bar,40.7287899,-74.00165,1073,4.0,american,ny
Silky Kitchen,40.73297,-73.98829,196,4.5,american,ny
Llama San,40.73225,-74.00078,41,4.0,american,ny
ABC Kitchen,40.738085,-73.989472,2934,4.0,american,ny
White Oak Tavern,40.730379,-73.99462,341,4.0,american,ny
Kogane Ramen,40.698608,-73.992675,317,4.0,american,ny
Uva,40.7722,-73.95566,2301,4.0,american,ny
French Louie,40.6879459,-73.988257,363,4.0,american,ny
Oiji,40.72727,-73.98585,493,4.5,american,ny
Adalya,40.7362094701213,-73.9874085025025,127,4.0,american,ny
Manhatta,40.707762,-74.008851,419,4.5,american,ny
Oxomoco,40.7299099,-73.95548,258,4.0,american,ny
Aska,40.71226,-73.96641,98,4.5,american,ny
Hutong,40.761551,-73.967443,206,3.5,american,ny
Ippudo Westside,40.76344,-73.98661,3617,4.0,american,ny
Tiny Shanghai,40.71781,-73.99795,244,4.0,american,ny
hanon,40.7134488,-73.9513445,85,4.5,american,ny
Los Tacos No.1,40.7425547,-74.0060838,2861,4.5,american,ny
Eataly NYC Flatiron,40.74195877796,-73.989716662832,5423,4.0,american,ny
Tasty Hand-Pulled Noodles,40.7142,-73.99787,1571,4.0,american,ny
La Contenta,40.71873,-73.98691,720,4.5,american,ny
Tony's Di Napoli,40.75641,-73.98547,2035,4.0,american,ny
Jane,40.72732,-74.00026,3112,4.0,american,ny
Osteria Morini Manhattan,40.7219179851303,-73.9976472073402,1128,4.0,american,ny
Trattoria Trecolori,40.75998,-73.98671,2299,4.0,american,ny
Coppelia,40.73897,-73.99995,1311,4.0,american,ny
The Black Derby,40.737266,-74.00399,182,4.5,american,ny
Momofuku Nishi,40.7443479,-73.9988054,576,4.0,american,ny
Shinka Ramen & Sake Bar,40.7170795322745,-73.9952574670315,286,4.0,american,ny
Soba-ya,40.7296485900879,-73.9878845214844,1450,4.0,american,ny
Luke's Lobster Brooklyn Bridge Park,40.70359,-73.99411,310,4.0,american,ny
Adrienne's Pizzabar,40.7043362,-74.0101733,1634,4.0,american,ny
Cafe Mogador,40.719747,-73.959993,1145,4.5,american,ny
Turntable Chicken Jazz,40.74828,-73.98649,1980,4.0,american,ny
SalaThai Restaurant,40.7801199,-73.98032,291,4.5,american,ny
The Hideaway Seaport,40.7080634,-74.002083,83,4.0,american,ny
Topaz Noodle Bar,40.7644424438477,-73.9789733886719,623,4.0,american,ny
Buvette,40.732704,-74.004317,1693,4.0,american,ny
Burger & Lobster,40.75596,-73.98532,922,4.0,american,ny
Ñaño Ecuadorian Kitchen,40.7631,-73.99335,535,4.5,american,ny
Meadowsweet,40.7103995,-73.9632384,371,4.0,american,ny
Gnoccheria By Luzzo's,40.723315,-73.983139,364,4.0,american,ny
ilili,40.74435,-73.98778,2340,4.0,american,ny
The Winslow,40.7327766418457,-73.9852142333984,522,4.5,american,ny
RH Rooftop Restaurant,40.73985,-74.00639,252,4.0,american,ny
Bunker,40.7105638,-73.9233984,710,4.0,american,ny
Felice,40.70789,-74.00712,347,4.0,american,ny
Barano,40.710372,-73.96794,234,4.5,american,ny
Misirizzi,40.7272,-73.99228,131,4.5,american,ny
Maison Premiere,40.7142031,-73.9614855,1136,4.0,american,ny
Lazy Siu's,40.71261,-73.96077,26,5.0,american,ny
La Vara,40.68781,-73.99576,349,4.0,american,ny
Paulie Gee's,40.729546,-73.958568,1210,4.5,american,ny
Pylos,40.72608,-73.98415,1109,4.5,american,ny
Katsu-Hama,40.75638,-73.97759,1268,4.0,american,ny
Momosan Ramen & Sake,40.74993,-73.97746,1580,4.0,american,ny
Lolo's Seafood Shack,40.80486,-73.95567,674,4.0,american,ny
Shu Jiao Fu Zhou Cuisine Restaurant,40.7184290357839,-73.9916928979573,795,4.5,american,ny
Le Bernardin,40.761557,-73.981763,2482,4.5,american,ny
High Lúa Vietnamese Kitchen,40.71258,-73.96045,120,4.5,american,ny
Sweetwater Restaurant,40.7184736,-73.9600178,352,4.0,american,ny
Minnie's,40.72045,-73.98448,127,4.0,american,ny
The Alcove,40.7459065,-73.915103,810,5.0,american,ny
Mu Ramen,40.743797,-73.950631,1197,3.5,american,ny
Oscar Wilde,40.74514,-73.9900399,605,4.0,american,ny
Marc Forgione,40.71647,-74.0095599,906,4.5,american,ny
Raclette,40.7289298,-73.980601,1289,4.0,american,ny
Cheeseboat,40.71994,-73.95791,382,4.0,american,ny
Jungsik,40.7185910158738,-74.0088844299316,572,4.5,american,ny
Death Ave,40.75106,-74.00193,562,4.0,american,ny
Au Cheval Diner,40.7183878,-74.0015522,384,4.0,american,ny
Angeletto Restaurant,40.753188,-73.969365,183,4.5,american,ny
Sushi by Bou Times Square,40.75851,-73.98322,523,4.5,american,ny
Clinton Street Baking Company,40.721128,-73.983933,4923,4.0,american,ny
Crown Shy,40.7063449,-74.0076944,194,4.5,american,ny
Old Tbilisi Garden,40.7287707,-74.0008161,407,3.5,american,ny
Sweet Chick,40.7217399,-73.98739,1586,4.0,american,ny
Don Angie,40.73778,-74.00197,278,4.5,american,ny
Seamores,40.72074,-73.99696,704,4.0,american,ny
Sagaponack Bar & Grill,40.7409324645996,-73.9907836914062,361,4.0,american,ny
Hatsuhana Sushi Restaurant,40.75703,-73.97692,1293,4.0,american,ny
La Pulperia Hell's Kitchen,40.7609037798437,-73.9905203491259,763,4.5,american,ny
Bisou Bisou,40.6898958381239,-73.9722776709226,79,4.5,american,ny
Piccola Cucina Enoteca,40.726284,-74.002151,279,4.0,american,ny
Osamil,40.74697,-73.9864,395,4.0,american,ny
Ela Taverna,40.71916,-73.9586,121,4.0,american,ny
Norikoh,40.7433,-73.99137,19,4.0,american,ny
Chez Ma Tante,40.7268966108951,-73.9574290439961,149,4.5,american,ny
Walter's,40.6894111633301,-73.973258972168,502,4.0,american,ny
Beco,40.71837,-73.95045,334,4.0,american,ny
Esme,40.7332033928175,-73.9549667724914,332,4.5,american,ny
The Four Horsemen,40.71305,-73.95732,170,4.5,american,ny
Jiang Diner,40.72665,-73.98838,101,4.0,american,ny
Song E Napule,40.72813,-74.00188,441,4.5,american,ny
Llama Inn,40.71672,-73.95051,445,4.0,american,ny
SSAM,40.68594,-73.991274,391,4.0,american,ny
Bangia,40.746854,-73.9845201,352,4.0,american,ny
Allora Ristorante,40.75433,-73.97277,517,4.5,american,ny
Henry's End,40.69869,-73.99257,350,4.0,american,ny
Il Porto Ristorante,40.6974427,-73.9675197,309,4.0,american,ny
Monarch Theater Restaurant,40.71595,-73.96222,49,5.0,american,ny
Jin Ramen,40.78534,-73.97695,863,4.0,american,ny
Gnoccheria Wall Street,40.70345,-74.01213,17,4.5,american,ny
XYST,40.73874,-73.99444,293,4.5,american,ny
Woorijip,40.74747,-73.98648,2600,4.0,american,ny
Yakiniku Futago,40.738851870947,-73.9941236398979,322,4.5,american,ny
Au Za'atar,40.728901,-73.981185,793,4.0,american,ny
Kiki's,40.7144971858255,-73.9918553931336,581,4.0,american,ny
Niche,40.71786,-73.98518,81,4.0,american,ny
Laut Singapura,40.73895,-73.98896,98,4.0,american,ny
Nai Tapas,40.7267949,-73.9892815,895,4.5,american,ny
Izakaya MEW,40.7501853096499,-73.9863203465939,2216,4.0,american,ny
Modern Love Brooklyn,40.70983,-73.95109,462,4.5,american,ny
Pure Thai Cookhouse,40.764291,-73.988159,2470,4.0,american,ny
Dim Sum Palace,40.76015,-73.9893699,1170,4.0,american,ny
Ramen Lab,40.720911,-73.996285,323,4.0,american,ny
Mémé Mediterranean,40.736412,-74.00616,578,4.0,american,ny
Kura,40.726709,-73.9835794,462,4.5,american,ny
Ginger and Lemongrass,40.71912,-73.98567,319,4.0,american,ny
The Flatiron Room,40.74452,-73.99049,772,4.5,american,ny
Entwine,40.737398,-74.00796,210,4.0,american,ny
Keens Steakhouse,40.75071,-73.98652,2487,4.0,american,ny
The Paris Cafe,40.70732,-74.00159,312,4.0,american,ny
The Maze,40.747846,-73.9872499,418,4.0,american,ny
La Nonna Ristorante & Bar,40.718468787527,-73.9639185527139,282,4.0,american,ny
Ampersand,40.7386178790617,-73.9834206895483,208,4.5,american,ny
Madame Vo,40.72925,-73.98612,750,4.0,american,ny
St. Mazie,40.71252,-73.95587,217,4.0,american,ny
Yoon Haeundae Galbi,40.74997,-73.98442,347,4.5,american,ny
Cafe Katja,40.7177673,-73.990589,776,4.5,american,ny
Dar 525,40.72308,-73.9452699,117,4.5,american,ny
Popina,40.687361962701,-74.0014251909241,53,4.5,american,ny
Faro,40.707407,-73.922839,271,4.0,american,ny
Pig Beach,40.6792941479875,-73.9880264255794,544,4.0,american,ny
Yuca Bar,40.7262,-73.9836,1755,4.0,american,ny
Brindle Room,40.72829,-73.98271,1017,4.0,american,ny
Barolo East,40.75481,-73.97059,81,4.5,american,ny
Haenyeo,40.67519,-73.98116,98,4.0,american,ny
Thai Holic,40.692989,-73.971282,392,4.5,american,ny
Per Se,40.7681528889558,-73.9827629623657,1623,4.5,american,ny
Jack's Wife Freda,40.72213,-73.99756,1853,4.0,american,ny
Adoro Lei,40.725612,-74.007916,278,4.5,american,ny
Nami Nori,40.730284,-74.003212,54,4.0,american,ny
The Ribbon,40.7765198,-73.9774628,377,3.5,american,ny
TØRST,40.7233949,-73.950856,389,4.5,american,ny
Taco Dumbo,40.700601,-73.988467,182,4.0,american,ny
Seamore's,40.7032,-73.99145,93,3.5,american,ny
Piacere,40.7196979,-73.9951175,667,4.0,american,ny
Bozu,40.7129,-73.95749,818,4.0,american,ny
Del Frisco's Double Eagle Steakhouse,40.759412,-73.982221,2910,4.5,american,ny
Dante,40.72879,-74.00165,313,4.0,american,ny
Belle Reve,40.7194897,-74.0041143883606,158,4.0,american,ny
Tang Hotpot,40.71866,-73.99435,217,4.0,american,ny
El Almacen,40.71679,-73.9564,642,4.0,american,ny
Oda House,40.7240282,-73.9821844,350,4.0,american,ny
Aurora Soho,40.723543,-74.003199,450,4.0,american,ny
Breakroom,40.7166907225542,-73.9999440120647,1568,4.5,american,ny
Cowgirl Seahorse,40.7081358,-74.0004532,573,4.0,american,ny
Noodle Village,40.714167,-73.998803,1051,4.0,american,ny
Totto Ramen,40.76444,-73.98759,5393,4.0,american,ny
Gran Morsi,40.7142052394856,-74.0077535494539,344,4.5,american,ny
Los Tacos No.1,40.7575067,-73.9877717,1595,4.5,american,ny
Habana Outpost,40.68645,-73.97416,1003,4.0,american,ny
Momofuku Noodle Bar,40.76847,-73.983092,257,4.0,american,ny
Superfine,40.702236,-73.987426,448,3.5,american,ny
Glasserie,40.7376154,-73.9560697,354,4.0,american,ny
Dar 525,40.711266,-73.950317,459,4.5,american,ny
The Good Fork,40.67599,-74.01432,403,4.0,american,ny
Barrio Chino,40.718022,-73.990026,1097,4.0,american,ny
Scottadito Osteria Toscana,40.6746627,-73.9766125,844,4.0,american,ny
Jacob's Pickles Time Out Market,40.7034,-73.991402,21,4.0,american,ny
Verlaine,40.720079,-73.987785,1410,4.0,american,ny
Sushi By M,40.72666,-73.99027,340,4.5,american,ny
Olmsted,40.67713,-73.96869,365,4.0,american,ny
The Hive,40.7201725641173,-73.9617135105149,179,4.0,american,ny
Dutch Freds,40.760835,-73.987823,1470,4.5,american,ny
Menya Jiro- Brooklyn,40.69505,-73.98357,120,4.0,american,ny
Del Posto,40.7434155953035,-74.007533013261,1416,4.0,american,ny
Loring Place,40.73299,-73.99754,383,4.5,american,ny
The Brazen Tavern,40.7593269348145,-73.9913101196289,366,4.5,american,ny
Kaoru,40.75202,-73.96977,321,4.5,american,ny
Extra Virgin,40.7353962496717,-74.0031888223197,1236,3.5,american,ny
Ootoya Greenwich Village,40.73316,-73.99273,302,4.0,american,ny
L'industrie Pizzeria,40.71162,-73.95783,494,5.0,american,ny
Hortus NYC,40.74545,-73.98652,156,4.5,american,ny
BH Kitchen & Bar,40.757346,-73.976621,137,4.0,american,ny
Dinosaur Bar-B-Que,40.6776201,-73.9838929,1590,3.5,american,ny
Solaro,40.730588,-74.00238,10,5.0,american,ny
Bohemian Restaurant,40.72639,-73.99236,745,4.5,american,ny
Rizzo's Fine Pizza,40.720852,-73.984456,718,4.5,american,ny
Diller,40.716465,-73.989078,40,5.0,american,ny
Perfect Taste,40.71508,-73.99157,72,4.5,american,ny
Izakaya NoMad,40.74409,-73.98945,656,4.0,american,ny
Suteishi,40.70788,-74.00194,479,4.0,american,ny
Let's Meat,40.746774,-73.985524,902,4.0,american,ny
Spaghetti Incident,40.7223153441439,-73.9899454318763,573,4.0,american,ny
La Lanterna Di Vittorio,40.73069,-74.00015,1438,4.0,american,ny
Aoi Kitchen,40.72683167,-73.98754333,10,4.5,american,ny
Gotham Bar and Grill,40.734186,-73.993696,1583,4.5,american,ny
Sama Street,40.73287,-73.95448,70,5.0,american,ny
K Rico Steakhouse,40.76438,-73.9880699,574,4.5,american,ny
Galata Mediterranean Cuisine,40.74531,-73.97753,339,4.5,american,ny
Fancy Nancy,40.6895209324106,-73.9552916183814,157,4.0,american,ny
Melba's,40.8031468838453,-73.9565069228411,1028,4.0,american,ny
Rucola,40.68562,-73.98587,479,4.0,american,ny
Baba's Pierogies,40.67687,-73.98633,382,4.5,american,ny
Arturo's,40.7273563342024,-74.0004944801331,664,4.0,american,ny
Gyu-Kaku Japanese BBQ,40.75537,-73.97054,1160,4.0,american,ny
Taboonette,40.7347009,-73.9927323,835,4.0,american,ny
L'Appart,40.712708,-74.015919,97,5.0,american,ny
The Boil,40.7302644713689,-73.9943788112708,754,4.0,american,ny
Da Ciro Brooklyn,40.6931299,-73.96716,88,4.5,american,ny
Natsumi Tapas,40.7395565,-73.9824123,249,4.0,american,ny
Buenos Aires,40.7253150939941,-73.983039855957,527,4.0,american,ny
Macao trading,40.719623,-74.003904,732,4.0,american,ny
SakaMai,40.7209536656701,-73.9881407239426,639,4.0,american,ny
The NoMad Restaurant,40.7449,-73.988482,1453,4.0,american,ny
The Halal Guys,40.761854,-73.979363,9281,4.0,american,ny
Jun-Men Ramen Bar,40.748209,-74.00047,597,4.0,american,ny
The Warren,40.7331,-74.0067,212,4.0,american,ny
Wayan,40.7213813139202,-73.9950757664721,161,4.0,american,ny
Sapori D'Italia,40.71735,-73.99855,238,4.5,american,ny
Palma,40.73115,-74.00233,701,4.0,american,ny
Momofuku Ko,40.724776,-73.991682,295,4.5,american,ny
Flip Sigi,40.73405,-74.00642,678,4.0,american,ny
Da Mikele by Luzzo's,40.718477,-74.004802,341,4.0,american,ny
Walter Foods,40.713588,-73.958488,499,4.0,american,ny
Clover Club,40.6846046447754,-73.9921875,762,4.0,american,ny
Boqueria UES,40.771522,-73.956073,710,4.0,american,ny
Karczma,40.729977,-73.955128,554,4.5,american,ny
Sunday in Brooklyn,40.714145,-73.965322,705,4.0,american,ny
Red Rooster Harlem,40.80815,-73.94488,3171,3.5,american,ny
Yakitori Totto,40.765375,-73.983114,1289,4.0,american,ny
Barbalu Restaurant,40.7074747,-74.0020404,279,4.0,american,ny
Locanda Verde,40.7198601300801,-74.010039072422,1601,4.0,american,ny
Pearl's,40.7180814,-73.956634,512,4.0,american,ny
BarBacon Hell's Kitchen,40.766253,-73.986674,1174,4.0,american,ny
The Drunken Munkey - UES,40.78098,-73.94751,968,4.5,american,ny
Highlands NYC,40.734345,-74.0010957,399,4.0,american,ny
Buttermilk Channel,40.675919,-73.999059,1862,4.0,american,ny
Lowerline,40.67421,-73.96324,143,4.5,american,ny
The Mermaid Inn,40.7269999,-73.98844,1311,4.0,american,ny
Ashland,40.6958,-73.98378,29,4.0,american,ny
Cocoron,40.72031,-73.99305,980,4.0,american,ny
99 Favor Taste,40.728833,-73.988094,587,4.0,american,ny
Marlow & Sons,40.7106126934043,-73.9658814005443,528,4.0,american,ny
Zest Szechuan,40.75274,-73.98445,558,4.0,american,ny
DokoDemo,40.72638,-73.98964,279,4.5,american,ny
Sel Rrose,40.7200099,-73.993839,476,4.0,american,ny
Dynasty Dim Sum,40.74148,-73.98087,135,4.0,american,ny
4 Charles Prime Rib,40.73513,-74.00065,237,5.0,american,ny
Upland,40.7418912,-73.9846396,961,4.0,american,ny
Hometown Hotpot & BBQ,40.71931,-73.99689,1179,4.0,american,ny
Five Leaves,40.72371830945,-73.95159863632,1585,4.0,american,ny
Fette Sau,40.714066,-73.956327,2249,4.0,american,ny
Lil' Frankie's,40.723625,-73.988555,1063,4.0,american,ny
Boqueria Flatiron,40.7402927726298,-73.9940709810079,1223,4.0,american,ny
Samurai Mama,40.7140208838114,-73.960325717926,581,4.0,american,ny
Vanessa's Dumpling House,40.71839,-73.9917399,2580,4.0,american,ny
Black Tap - Midtown,40.76347,-73.97978,1106,4.0,american,ny
Ikinari Steak East Village,40.73088,-73.98968,756,4.0,american,ny
Ichiran - Times Square,40.76004,-73.9833,233,4.0,american,ny
District Saigon,40.7596365,-73.9199343,553,4.0,american,ny
Amy Ruth's,40.80248,-73.95038,2556,4.0,american,ny
Buena Vista Restaurant & Bar,40.75686,-73.99356,149,4.5,american,ny
Kong Sihk Tong 港食堂,40.71542,-73.99813,203,4.0,american,ny
Sweet Brooklyn Bar And Grill,40.6778662988215,-73.9500002190471,335,4.0,american,ny
Brooklyn Crab,40.6752649,-74.016568,1003,3.0,american,ny
Fornino,40.6928735340776,-74.0016932280972,218,4.0,american,ny
Baodega,40.74014,-73.99178,83,3.5,american,ny
Aita,40.686412,-73.966629,248,4.0,american,ny
Laojie Hotpot,40.6389709339157,-74.0046846944427,529,4.5,american,ny
Shabushabu Macoron,40.71909,-73.99086,62,4.5,american,ny
Il Corallo Trattoria,40.7262073,-74.0018919,930,4.0,american,ny
Club A Steakhouse,40.76006,-73.96557,2706,4.5,american,ny
The Tuck Room,40.70654,-74.00325,254,3.5,american,ny
El Born,40.7243479163883,-73.9512226101037,289,4.5,american,ny
Grand Seoul,40.7175,-73.99435,125,4.0,american,ny
June,40.6861,-73.99394,175,4.0,american,ny
THEP Thai Restaurant,40.77078,-73.95727,899,4.5,american,ny
Totto Ramen - Midtown East,40.7562184833974,-73.9679722894107,1104,4.0,american,ny
San Marzano Pasta Fresca,40.727989,-73.98845,1129,4.0,american,ny
Moloko,40.6949690078622,-73.954842,163,4.5,american,ny
MONOMONO,40.72549,-73.98803,413,4.0,american,ny
The Burgary,40.7193370804105,-73.9850228946549,243,4.5,american,ny
Black Iron Burger,40.75427,-73.99031,921,4.0,american,ny
Agora Turkish Restaurant,40.77492,-73.95412,523,4.5,american,ny
Brooklyn Ice House,40.67919,-74.011099,221,4.5,american,ny
Zest Ramen,40.71816,-73.99186,224,4.5,american,ny
The Smith,40.755165,-73.967868,2542,4.0,american,ny
Benito One,40.7200188460948,-73.9969412164592,699,4.0,american,ny
Las Santas,40.6882,-73.97953,28,5.0,american,ny
Angkor Cambodian Bistro,40.76226,-73.95914,273,4.5,american,ny
Gyu-Kaku Japanese BBQ,40.72822,-73.99142,1671,4.0,american,ny
While We Were Young,40.73437,-74.00272,309,4.0,american,ny
Crispo,40.7392469,-74.0016882,950,4.0,american,ny
Hollow Nickel,40.685512,-73.981986,211,4.0,american,ny
Peaches Shrimp and Crab,40.6879838,-73.9625478,287,4.0,american,ny
Five Senses,40.747573158626,-73.9863122632311,1363,4.0,american,ny
Yaso Tangbao,40.6918206366101,-73.9863992364001,744,3.5,american,ny
The Meatball Shop,40.7459138,-74.0015369,858,4.0,american,ny
Colonia Verde,40.6897354125977,-73.970703125,151,4.0,american,ny
Soju Haus,40.7468603,-73.9851724,537,4.0,american,ny
Sofreh,40.6798617,-73.973984,211,4.0,american,ny
750 Myrtle Diner,40.69486,-73.95278,109,4.5,american,ny
Taste of Heaven,40.717115,-73.940613,129,5.0,american,ny
EN Japanese Brasserie,40.7306,-74.00698,1236,4.0,american,ny
Midnights,40.71748,-73.95843,211,4.0,american,ny
Hard Times Christmas Liquors at the Sunset bar,40.70794,-73.92164,359,4.0,american,ny
Davelle,40.71852,-73.98605,103,4.0,american,ny
Tipsy Shanghai,40.72929,-73.99882,159,4.0,american,ny
Gaia Italian Café,40.721653,-73.985346,979,4.0,american,ny
Zenkichi New York,40.71897,-73.96081,977,4.0,american,ny
Selamat Pagi,40.723255,-73.944633,261,4.0,american,ny
Osteria Cotta,40.78554,-73.97263,840,4.0,american,ny
Yopparai,40.71919,-73.98571,222,4.5,american,ny
La cafette,40.71323,-73.95638,66,5.0,american,ny
Gentleman Farmer - Fort Greene,40.69307,-73.9711,158,4.5,american,ny
Miti Miti,40.6786672454389,-73.9791200818081,909,4.0,american,ny
Xifu Food,40.6880326,-73.9819963,128,4.5,american,ny
Black Tap - Soho,40.723807,-74.004351,1132,3.5,american,ny
Bricolage,40.67792,-73.97975,459,4.0,american,ny
Cooper's Craft & Kitchen,40.72704,-73.9892,430,4.0,american,ny
Ayza Wine & Chocolate Bar,40.7471774721074,-73.987011312828,1631,4.0,american,ny
Hanoi House,40.72698,-73.98357,464,4.0,american,ny
Don Chingon,40.6810431221494,-73.9752403260395,335,4.5,american,ny
The Cabin NYC,40.72393,-73.98383,163,4.0,american,ny
The Bear,40.7128339,-73.9663587,30,4.5,american,ny
Havana NY,40.75189,-73.98517,260,4.0,american,ny
Lure Fishbar,40.724612166991,-73.998574708004,1619,4.0,american,ny
Agern,40.7525286099337,-73.9780961338684,194,4.0,american,ny
Clay Pot - West Village,40.73138,-74.00319,52,4.5,american,ny
Suzume,40.7131652,-73.9494479,291,4.0,american,ny
Quality Italian,40.7644044527436,-73.9767805051616,1038,4.0,american,ny
San Marino Ristorante,40.72697,-74.00611,142,4.0,american,ny
Ume Williamsburg,40.71657,-73.96559,137,4.0,american,ny
Salinas,40.7436999,-74.00314,910,4.0,american,ny
CK14  The Crooked Knife,40.739015,-74.001506,515,4.0,american,ny
Szechuan Mountain House,40.72911,-73.98858,303,4.0,american,ny
Tailfeather,40.69415,-73.96089,16,5.0,american,ny
Morimoto,40.74332,-74.00713,3008,4.0,american,ny
Pasta Eater,40.73765,-73.99134,46,4.0,american,ny
Tonii’s Fresh Rice Noodle,40.71572,-73.99899,26,4.0,american,ny
Proong Noodle Bar,40.73528,-73.98003,139,4.5,american,ny
Covina,40.7423054,-73.9832149,336,4.5,american,ny
Steak 'N Lobster,40.74731,-73.99135,86,3.5,american,ny
Colonie,40.6909,-73.9958,559,4.0,american,ny
Boutros,40.6901481293837,-73.9935445412993,113,4.5,american,ny
St Tropez - Soho,40.72498,-74.00328,52,4.5,american,ny
Fish,40.731734,-74.003463,1433,4.0,american,ny
Amelie,40.78875,-73.97464,169,4.5,american,ny
Anella,40.73327,-73.95786,411,4.0,american,ny
Heidi's House By The Side Of The Road,40.772189,-73.955029,597,4.5,american,ny
Cobble & Co.,40.70701,-74.00356,141,3.5,american,ny
Ovest Pizzoteca by Luzzo's,40.7507476806641,-74.0030212402344,518,4.0,american,ny
Nakamura,40.717975,-73.985115,358,4.0,american,ny
Bacchus Bistro & Wine Bar,40.68692,-73.98437,461,4.0,american,ny
The Musket Room,40.72392,-73.99378,434,4.5,american,ny
The Meatball Shop,40.7182749,-73.9576213,1222,4.0,american,ny
Gallaghers Steakhouse,40.762876,-73.983837,1140,4.0,american,ny
Madre,40.73311,-73.95798,44,5.0,american,ny
Duane Park,40.7249172,-73.9925423,458,4.0,american,ny
Freemans,40.721988,-73.992466,2029,4.0,american,ny
Bobwhite Counter,40.72365,-73.97899,773,4.5,american,ny
Samurai Papa,40.702892072912,-73.943588398397,260,4.5,american,ny
Xixa,40.7104,-73.95854,567,4.5,american,ny
Westlight,40.722299,-73.956691,464,3.5,american,ny
LaLou,40.680311,-73.967596,35,4.5,american,ny
Carbone,40.728,-74.0001497,952,4.0,american,ny
The Brooklyn Tree,40.70734,-73.94186,145,4.5,american,ny
Bunna Cafe,40.705042,-73.928078,574,4.5,american,ny
Old Xi'an,40.70591,-74.00747,182,4.5,american,ny
Boqueria West 40th St,40.75558,-73.99012,352,4.0,american,ny
Mad For Chicken Williamsburg,40.71142,-73.94751,90,4.5,american,ny
NAYA,40.7021301747589,-74.0118362768599,142,4.5,american,ny
Boulton & Watt,40.7224963,-73.986439,671,4.0,american,ny
Tuk Tuk,40.743232,-73.954254,670,4.0,american,ny
The Folly,40.72721,-74.00004,211,4.0,american,ny
CAVA,40.7337897786475,-73.9896078601189,279,4.5,american,ny
FREEHOLD,40.7136054,-73.965905,504,3.5,american,ny
886,40.72877,-73.98873,317,4.0,american,ny
Katz's Delicatessen,40.722237,-73.98743,11882,4.0,american,ny
KROK Brooklyn,40.68761,-74.0013,57,4.5,american,ny
Paper Daisy,40.7285,-73.98707,58,4.5,american,ny
Voula,40.73235,-74.00222,93,4.5,american,ny
Nerai,40.7602,-73.97308,449,4.5,american,ny
The Athenian,40.72915,-73.98557,35,4.5,american,ny
Mamasita Bar & Grill,40.76733,-73.98945,990,4.0,american,ny
La Pecora Bianca,40.74358,-73.9892,523,4.0,american,ny
The Harrow New York,40.76419,-73.99182,195,4.5,american,ny
Dock Asian Eatery,40.70628,-73.92274,104,4.5,american,ny
The Spaniard,40.7327497,-74.0021829,232,4.0,american,ny
Sky 55 Bar & Grill,40.703234,-74.008687,20,4.5,american,ny
Bar Bolinas,40.693499,-73.967389,119,4.0,american,ny
Windrose,40.72933,-74.00392,80,4.5,american,ny
Van Da,40.72341,-73.98307,88,4.0,american,ny
TabeTomo,40.72688,-73.98311,279,4.0,american,ny
Dirty French,40.72183,-73.98719,634,4.0,american,ny
Giano Restaurant,40.7262256596862,-73.9840574049125,569,4.5,american,ny
Le Coucou,40.71909,-74.00013,530,4.0,american,ny
Dekalb Market Hall,40.691025,-73.983311,643,4.0,american,ny
Cask Bar & Kitchen,40.745414,-73.979004,1329,4.0,american,ny
Balthazar Restaurant,40.722730394629,-73.998330776327,3022,4.0,american,ny
Bunsmith,40.6718444824219,-73.9572525024414,246,4.0,american,ny
Coco Bistro,40.70757,-74.00184,59,4.0,american,ny
Chuko,40.680784,-73.967455,1052,4.0,american,ny
BCD Tofu House,40.747503631444,-73.9862447208321,1966,4.0,american,ny
Balaboosta,40.73769,-74.00584,40,4.0,american,ny
Cotenna,40.72903,-74.00357,389,4.0,american,ny
Tacuba Hell's Kitchen,40.76545,-73.98729,635,4.0,american,ny
Endswell Bar & Bistro,40.68618,-73.97377,45,4.5,american,ny
Grindhaus,40.6791767,-74.0105276,103,4.5,american,ny
19 Cleveland By Nish Nush,40.72164,-73.99722,121,4.5,american,ny
K'OOK,40.72682,-73.98738,418,4.0,american,ny
Maite,40.69924,-73.926797,174,4.0,american,ny
Her Name Is Han,40.74626,-73.98473,1145,4.0,american,ny
The Woo,40.7253,-74.00371,63,4.0,american,ny
Rustik Tavern,40.690754,-73.958279,435,4.0,american,ny
Follia NYC,40.7349243164062,-73.9855880737305,155,4.0,american,ny
Da Gennaro,40.71832,-73.99794,925,4.0,american,ny
Forlini's Restaurant,40.71695,-73.99957,426,4.5,american,ny
Circa Brewing,40.69165,-73.98603,292,4.0,american,ny
La Goulette,40.71483,-73.96157,306,4.5,american,ny
Blue Hill,40.7320640251595,-73.9996931018524,994,4.5,american,ny
Raju's Drunk Munky,40.73136,-74.00253,155,4.5,american,ny
Ruffian,40.7264,-73.98411,198,4.5,american,ny
Sister Jane NYC,40.73092,-73.98335,54,4.5,american,ny
Shigure,40.71853,-74.00477,107,4.0,american,ny
Claro,40.6773587963142,-73.9861984489446,160,4.0,american,ny
Sweet Chick,40.718423,-73.9574279,1946,4.0,american,ny
The Tang - Upper West Side,40.80005,-73.966393,166,4.5,american,ny
Asian Spicy Curry Pop-up,40.715031,-73.99931,138,4.5,american,ny
Anejo Tribeca,40.7193829,-74.004417,353,4.0,american,ny
Local & Vine,40.72528,-74.0074,82,4.5,american,ny
Canal Street Market,40.71897,-74.00102,174,4.0,american,ny
Caracas Arepa Bar,40.713214,-73.957397,809,4.0,american,ny
Souvlaki GR,40.72122,-73.98711,865,4.0,american,ny
Le Sia,40.728886,-73.989841,231,4.0,american,ny
Harding's,40.7393229,-73.9887163,354,4.0,american,ny
Ramen-Ya,40.732536,-74.001681,949,4.0,american,ny
Industry Kitchen,40.7049434740873,-74.0048825740814,577,3.5,american,ny
Nobu Fifty Seven,40.7636210840864,-73.9765048613641,1161,4.0,american,ny
Mi Noodle Bar,40.7377,-73.981304,213,4.5,american,ny
O'Hara's Restaurant and Pub,40.7093473589949,-74.0122557367896,446,4.0,american,ny
Samba Kitchen,40.76095,-73.99115,429,4.5,american,ny
Simon & The Whale,40.739848,-73.984254,175,4.0,american,ny
dumboLUV,40.7032593,-73.9866501,7,4.5,american,ny
21 Shanghai House,40.7140138244835,-73.9964454932541,424,4.0,american,ny
Fukurou,40.72905,-74.00143,310,4.0,american,ny
Lobster Joint,40.7354,-73.95528,646,4.0,american,ny
Pierozek,40.723062,-73.95007,12,5.0,american,ny
Ho Foods,40.72634,-73.98478,257,4.0,american,ny
Taiwan Pork Chop House,40.71424,-73.99799,437,4.0,american,ny
Kick Axe Throwing,40.6790268,-73.983077,361,4.5,american,ny
Norikoh,40.75116,-73.98153,531,4.0,american,ny
Verde On Smith,40.684437,-73.992234,500,4.0,american,ny
Socarrat Paella Bar - Chelsea,40.7427204,-73.9995147,1123,4.0,american,ny
Attraversa West Village,40.7290058570751,-74.0033128150578,20,5.0,american,ny
Di An Di,40.729526,-73.958244,144,4.0,american,ny
Grimaldi's Pizzeria,40.702583,-73.9932413,4575,3.5,american,ny
Blue Smoke,40.714486,-74.0152768,621,3.5,american,ny
Frankies 457 Spuntino,40.677328,-73.997972,787,4.0,american,ny
Sottocasa Pizzeria,40.688285,-73.989006,613,4.5,american,ny
Marta,40.7445212750732,-73.9845828515206,863,4.0,american,ny
Taverna Kyclades - East Village,40.7310782469639,-73.9825163036585,800,4.0,american,ny
Gersi,40.683438,-73.995711,241,4.5,american,ny
Pinto Restaurant,40.6947735368336,-73.9943484261754,211,4.0,american,ny
Wild Ink,40.753754,-74.001388,119,4.0,american,ny
The Finch,40.686831,-73.962875,199,4.0,american,ny
Delmonico's,40.70507,-74.01019,1015,4.0,american,ny
Jintana Thai Farmhouse,40.666597,-73.98211,76,4.5,american,ny
Wok Wok,40.71406,-73.99883,895,4.0,american,ny
Patrizia's Pizza and Pasta,40.7398415,-73.9792862,555,4.0,american,ny
Yakitori Taisho,40.729535,-73.9892642,1567,3.5,american,ny
Bowery Road,40.7333427,-73.9901924,200,4.0,american,ny
Aunt Jake's,40.73329,-73.99852,216,4.0,american,ny
Keste Fulton,40.709239,-74.004869,158,4.0,american,ny
Pippali,40.74233,-73.98331,733,4.0,american,ny
GLUR Thai,40.74121,-73.99665,34,4.5,american,ny
Los Mariscos,40.74207,-74.00565,541,4.5,american,ny
Hwa Yuan,40.7137,-73.99598,231,4.0,american,ny
The Topaz,40.70734,-73.93949,102,4.5,american,ny
Meet Noodles,40.73097,-73.9891,165,4.5,american,ny
Surfish Bistro,40.6687008,-73.9936051,311,4.0,american,ny
Okinii,40.72894,-73.99911,295,4.0,american,ny
Two 8 Two Bar & Burger,40.688536,-73.989728,633,4.0,american,ny
El Jeffe,40.6801601,-73.9419752,225,4.5,american,ny
Jeepney,40.730294,-73.9835395,1076,4.0,american,ny
Pizza Moto,40.6746224,-74.0007999,181,4.5,american,ny
Eleven Madison Park,40.7416907417333,-73.9872074872255,2128,4.5,american,ny
Balvanera,40.72063,-73.98539,221,4.5,american,ny
Boulud Sud,40.7718614234522,-73.9816256082283,727,4.0,american,ny
Clinton Hall,40.70803,-74.014869,635,3.5,american,ny
The Rag Trader & Bo Peep Cocktail and Highball Store,40.75059,-73.98628,394,4.5,american,ny
Zen Ramen & Sushi,40.75185,-73.98892,1452,4.5,american,ny
The Cellar,40.73889,-73.9897,658,4.0,american,ny
Tia Pol,40.7473,-74.00481,688,4.0,american,ny
Le Fanfare,40.736202,-73.955558,167,4.0,american,ny
Las Ramblas,40.731958,-74.0015486,712,4.0,american,ny
LaRina Pastificio & Vino,40.6933631896973,-73.9704132080078,136,4.0,american,ny
Zyara NY,40.71964,-73.98507,153,4.5,american,ny
Santiago's Beer Garden,40.79849,-73.93382,155,4.5,american,ny
Fiaschetteria Pistoia,40.73316,-74.00537,38,4.5,american,ny
Pates Et Traditions,40.71485,-73.95466,824,4.5,american,ny
Vida Verde,40.7650089,-73.983215,1069,4.5,american,ny
ICHIRAN - Brooklyn,40.707587,-73.933271,1080,3.5,american,ny
El Camion,40.7291,-73.98105,679,4.0,american,ny
The Gray Mare,40.726043,-73.989936,78,4.5,american,ny
Chez Moi,40.6907305802403,-73.99551244328,363,4.0,american,ny
Imani Caribbean Kitchen & Bar,40.689413,-73.970866,408,4.0,american,ny
Tribeca's Kitchen,40.7162705535921,-74.0072225927912,472,4.0,american,ny
Udon West Midtown,40.7535446865563,-73.9735724478504,1002,4.0,american,ny
Brooklyn Beet Company,40.6333416,-74.0268741,423,4.5,american,ny
The Quarter Brooklyn,40.6874192552749,-73.9748689904809,170,4.0,american,ny
The Modern,40.7610060884932,-73.9767725608521,980,4.5,american,ny
Oceanic Boil,40.7498297,-73.8821356,515,4.5,american,ny
Kahlo,40.75218,-74.0026,86,4.5,american,ny
Mercato,40.75619,-73.9937,859,4.0,american,ny
Emily - West Village,40.729330068469,-74.0038400073579,578,4.0,american,ny
Sushi Yasaka,40.779583,-73.983482,1714,4.0,american,ny
Lillie's Victorian Establishment,40.7614625,-73.9860519,1420,4.0,american,ny
La Loteria,40.7307865530978,-74.0041882564488,315,4.0,american,ny
Asuka Sushi,40.74529,-73.99888,919,4.0,american,ny
Pommes Frites,40.730022,-74.000152,865,4.5,american,ny
5ive Spice,40.68145923448,-73.9772509779765,594,4.0,american,ny
Riko Peruvian Cuisine,40.750076,-73.995422,687,4.0,american,ny
Leyenda,40.68431,-73.99197,213,4.0,american,ny
Caffe Buon Gusto,40.77249,-73.95713,448,4.0,american,ny
Bar B,40.7395804,-73.999118,173,4.5,american,ny
Benson's NYC,40.7218302,-73.9866963,378,4.5,american,ny
Quality Meats,40.764958,-73.976206,1936,4.0,american,ny
Schilling,40.70857,-74.014,147,4.0,american,ny
Atera,40.71694,-74.0057,253,4.5,american,ny
Gotham West Market,40.7624395,-73.9971462,551,4.0,american,ny
La Pulperia UES,40.7766202,-73.9523275,722,4.0,american,ny
Aqua Boil,40.763702,-73.988386,39,4.5,american,ny
Bushniwa,40.70397,-73.93344,96,4.5,american,ny
Lighthouse,40.7104080536563,-73.9539040490168,259,4.0,american,ny
Quality Eats,40.74451,-73.98661,267,4.0,american,ny
Graziella's,40.6904563903809,-73.9696273803711,395,4.0,american,ny
White Horse Tavern - Financial District,40.70372,-74.01237,357,4.0,american,ny
Al Di La Trattoria,40.675332643247,-73.981340475038,884,4.0,american,ny
Danji,40.764,-73.98686,990,4.0,american,ny
Zizi,40.74293,-74.00002,11,5.0,american,ny
Mori,40.671718,-73.983902,91,4.5,american,ny
Calaca,40.6834,-73.95655,172,4.5,american,ny
Red Hook Tavern,40.67788,-74.01209,43,4.5,american,ny
Aquavit,40.76079,-73.97221,724,4.0,american,ny
Carmine's Italian Restaurant - Upper West Side,40.791077,-73.973763,1310,4.0,american,ny
Ramen Ishida,40.71959,-73.98834,168,4.5,american,ny
View of the World Terrace Club,40.709845,-74.013894,157,3.5,american,ny
The Crabby Shack,40.6773501401729,-73.9554671528066,642,4.0,american,ny
The Wei,40.68983,-73.98171,221,4.0,american,ny
Original Buddha Bodai Kosher Vegetarian Restaurant,40.7138543,-73.9989484,969,4.0,american,ny
Hart's Restaurant,40.681458,-73.955893,89,4.5,american,ny
Negril BK,40.67501,-73.98163,498,4.0,american,ny
Wasan Brooklyn,40.6812605,-73.9768418,190,4.0,american,ny
The Capital Grille,40.7078813982786,-74.0102026698364,575,4.0,american,ny
Il Buco,40.72583,-73.99299,654,4.0,american,ny
Kind Of Soul,40.68573,-73.9813,36,4.5,american,ny
Mazzat,40.684942,-74.003028,173,4.5,american,ny
Revolution Taco & Tequila Bar,40.70437,-74.01039,13,4.0,american,ny
Claudette,40.7330367619291,-73.9960286909289,370,4.0,american,ny
Cafe Argentino,40.711199,-73.95137,227,4.0,american,ny
Han Dynasty,40.78752,-73.97647,577,4.0,american,ny
Ai Fiori,40.7500752,-73.9837835,1231,4.0,american,ny
Kings Co Imperial,40.71512,-73.95097,276,4.0,american,ny
Shabu-Tatsu East Village,40.72927,-73.98585,627,4.0,american,ny
Ichibantei,40.73063,-73.98275,201,4.0,american,ny
Tofu Tofu,40.7176299520983,-73.9954301342368,303,4.5,american,ny
Panzerotti Bites,40.683715,-73.99227,110,5.0,american,ny
One Mile House,40.720394,-73.99321,237,4.0,american,ny
Le Midi,40.7350747572983,-73.9931811690485,385,4.0,american,ny
Kafana,40.72432,-73.97851,397,4.0,american,ny
Cafe Mogador,40.727258767439,-73.9845085144043,1865,4.0,american,ny
983-Bushwick's Living Room,40.703087,-73.933403,392,4.0,american,ny
Patzeria Family & Friends,40.7615,-73.98754,1044,4.5,american,ny
Becco,40.76083,-73.98981,2814,3.5,american,ny
Bengal Tiger Indian Food,40.763167,-73.977131,1789,4.5,american,ny
TAO Uptown,40.76269,-73.97147,2533,3.5,american,ny
Dim Sum Palace,40.7259,-73.98986,122,4.5,american,ny
Mo's Original,40.66127,-73.95342,70,4.5,american,ny
Seed,40.6754336,-73.9811254,187,4.0,american,ny
Pascalou,40.78521,-73.95595,208,4.0,american,ny
Patrizia's - Williamsburg,40.7109154314181,-73.9673637711639,616,4.0,american,ny
Blue Ribbon Brasserie - Brooklyn,40.67423,-73.98228,567,4.0,american,ny
omakase room by maaser,40.73316,-74.004,58,4.5,american,ny
La Bella Vita,40.719816,-73.997403,367,4.0,american,ny
Lokal 83 Mediterranean Kitchen,40.7842696,-73.9734941,289,4.5,american,ny
Trapizzino,40.72043,-73.98894,214,4.5,american,ny
Pig Heaven,40.77544,-73.95686,357,4.0,american,ny
Butler,40.7032670673495,-73.9922419276899,80,4.5,american,ny
Porteno Restaurant,40.750499,-74.002525,370,4.0,american,ny
Olea,40.6877844,-73.9706046,845,4.0,american,ny
The Islands,40.6770523794749,-73.9634169638157,693,4.0,american,ny
Fan Fried Rice Bar,40.69099,-73.95587,68,4.5,american,ny
Veselka,40.7289505004883,-73.9869689941406,2512,4.0,american,ny
R17,40.70577,-74.001748,37,3.5,american,ny
Employees Only,40.73343,-74.00617,1440,4.0,american,ny
Klom Klorm,40.70318,-73.91701,205,4.5,american,ny
L'Accolade,40.732484,-74.003915,55,4.5,american,ny
Trinity Place,40.708865,-74.01117,367,4.0,american,ny
MáLà Project,40.72713,-73.98542,605,4.0,american,ny
Korzo,40.66199,-73.99238,444,4.0,american,ny
Atoboy,40.74364,-73.98456,337,4.5,american,ny
Oramen,40.7390256,-73.9960282,272,4.0,american,ny
Leuca,40.722121,-73.956678,309,4.0,american,ny
Bar Goto,40.72277,-73.98989,219,4.5,american,ny
Grill 21,40.7356760912996,-73.9799634876969,518,4.0,american,ny
Fogo de Chao Brazilian Steakhouse,40.7610765,-73.9777711,1155,4.0,american,ny
SriPraPhai Thai Restaurant,40.7464987,-73.8992328,2300,4.0,american,ny
Bateaux New York,40.7474032689075,-74.009646177292,299,4.0,american,ny
Kāwi,40.7538408290715,-74.0003704647111,144,4.0,american,ny
Di Fara Pizza,40.625093,-73.961531,3374,4.0,american,ny
Blend,40.7454187160279,-73.9533804030555,814,4.0,american,ny
The Ryerson,40.67478,-73.95018,42,4.5,american,ny
Cocotte,40.72575,-74.00178,322,4.0,american,ny
Mercado Little Spain,40.752435,-74.001475,289,3.5,american,ny
Westville East,40.72847,-73.98213,1026,4.0,american,ny
Terroir Tribeca,40.718804998517,-74.0099987815497,276,4.0,american,ny
Azasu,40.719758,-73.985011,119,4.0,american,ny
Fiaschetteria Pistoia,40.72666,-73.9773,153,4.0,american,ny
Market Table,40.7297659255873,-74.0037665277862,788,4.0,american,ny
Pepolino Restaurant,40.720756,-74.004885,538,4.0,american,ny
San Blas,40.69452,-73.99371,22,4.5,american,ny
Tara Rose,40.74176,-73.98123,91,4.5,american,ny
Blueprint,40.6769,-73.980411,326,4.5,american,ny
Gomi Korean Wine Bar,40.72886,-73.9813,125,4.5,american,ny
The Loeb Boathouse,40.7754372308692,-73.9687870358597,1244,3.5,american,ny
Little Rascal,40.7208633,-73.9950497,218,4.0,american,ny
Tiny's & The Bar Upstairs,40.716698,-74.00816,559,4.0,american,ny
Yin Ji Chang Fen Rice Roll,40.71583,-73.999336,100,3.5,american,ny
Dellarocco's,40.6950309,-73.9961252,247,4.0,american,ny
Sala One Nine,40.7398849,-73.9931044,801,4.0,american,ny
PhoBar,40.7152346,-73.9990079,192,4.0,american,ny
Miramar,40.70814,-74.01779,184,3.5,american,ny
The Little Owl,40.7323808291402,-74.0053009986877,1253,4.0,american,ny
ICHIRAN Midtown,40.74839,-73.99062,687,4.0,american,ny
Cafeteria,40.740567590122,-73.9980747946,3263,3.5,american,ny
Tuome,40.72412482724,-73.9828906263924,474,4.5,american,ny
Margherita NYC,40.7189865112305,-73.9969329833984,289,4.0,american,ny
Hak Box,40.714,-73.99439,41,4.5,american,ny
Cantina Rooftop,40.765101,-73.996046,652,3.0,american,ny
Patsy's Pizzeria,40.6818695,-73.976181,505,4.5,american,ny
Toribei,40.6745180177706,-73.9820596277137,34,4.5,american,ny
Mariella,40.6662419,-73.985749,326,4.5,american,ny
L'Atelier de Joël Robuchon,40.743052,-74.007872,121,4.5,american,ny
Soba Totto,40.75122,-73.97317,889,4.0,american,ny
Chiko,40.7319,-73.95422,36,5.0,american,ny
Okonomi,40.712622,-73.9487843,448,4.5,american,ny
Speedy Romeo,40.6875154792236,-73.959874469611,584,4.0,american,ny
MUI,40.74732,-73.98646,228,4.0,american,ny
MAKIINNY,40.72831,-73.98914,39,5.0,american,ny
Divya's Kitchen,40.72378,-73.98849,338,4.5,american,ny
The Greek Kitchen,40.7697614,-73.9881055,489,4.0,american,ny
Hot N Juicy Crawfish,40.7395099255823,-74.0016006497376,482,4.5,american,ny
Churrascaria Plataforma,40.76202,-73.98765,1338,4.0,american,ny
The Food Sermon Kitchen,40.6647720336914,-73.9535217285156,254,4.5,american,ny
The Bar Downstairs and Kitchen,40.7528813879886,-73.9810645580292,365,4.0,american,ny
Aquagrill,40.7253545576709,-74.0037010931698,1346,4.0,american,ny
Karvouna Mezze,40.72252,-73.99296,44,4.5,american,ny
Cherry Point,40.7244954175426,-73.9511575076571,138,4.5,american,ny
Briciola,40.7637997047278,-73.9880919456482,808,4.0,american,ny
San Carlo Osteria Piemonte,40.72517,-74.00212,199,4.5,american,ny
Kilo,40.767137,-73.9866739,450,4.0,american,ny
The Copper Still Chelsea,40.7433018973893,-73.9962961112732,54,4.5,american,ny
Mama Mia 44 SW,40.759761,-73.992065,557,4.0,american,ny
MarkJoseph Steakhouse,40.70837,-74.00152,396,4.0,american,ny
Blanca,40.7050708681994,-73.933581,166,4.0,american,ny
Northern Bell,40.71389,-73.94855,258,4.0,american,ny
Chef's Table at Brooklyn Fare,40.7561930774282,-73.9966090932068,504,4.5,american,ny
Forgtmenot,40.714498871349,-73.9915559401866,177,4.0,american,ny
Desnuda,40.713046,-73.958968,205,4.0,american,ny
Sauce,40.720512182453,-73.989400288419,787,4.0,american,ny
Coco J'adore,40.7396062,-74.005997,108,4.0,american,ny
Char Sue,40.7196000924977,-73.9879152551293,173,4.5,american,ny
JoJo,40.76506,-73.96571,135,4.0,american,ny
99 Favor Taste,40.7176199,-73.99249,1791,4.0,american,ny
Miss Lily's 7A,40.726019,-73.9837551,647,4.0,american,ny
Cull & Pistol Oyster Bar,40.7426589397899,-74.0059285394953,624,4.0,american,ny
The Flying Cock,40.745296,-73.978073,518,4.0,american,ny
Kopitiam,40.71387,-73.99091,572,4.0,american,ny
Posto,40.73483,-73.98282,596,4.0,american,ny
Broadstone Bar & Kitchen,40.70411,-74.01186,236,4.0,american,ny
Avlee Greek Kitchen,40.679911,-73.994879,254,4.5,american,ny
Bowery Meat Company,40.72453,-73.9917876,469,4.0,american,ny
Via Della Pace,40.7277013287721,-73.9877394513958,532,4.0,american,ny
Ivy Lane,40.763027,-73.968715,29,4.5,american,ny
Bar Verde,40.7260849061034,-73.9897361397743,222,4.5,american,ny
Rocco's Tacos & Tequila Bar,40.69319596606,-73.9885798943981,1287,3.5,american,ny
Puerto Viejo,40.67885,-73.96214,439,4.0,american,ny
Falansai,40.70676,-73.92877,215,4.0,american,ny
Judge Roy Bean Public House,40.7629158108786,-73.9761248066812,723,4.5,american,ny
La Cigogne ,40.683501,-73.999304,346,4.0,american,ny
Oxalis,40.673109,-73.9626279,89,4.5,american,ny
Sake Bar Hagi 46,40.76057,-73.99008,275,4.0,american,ny
Kevin's,40.6791804832269,-74.0105960311045,149,4.0,american,ny
Locanda Vini e Olii,40.685007,-73.962943,302,4.0,american,ny
Caracas Arepa Bar,40.7269655,-73.9854223,2545,4.0,american,ny
Kuu Ramen,40.7096786,-74.0089569,596,4.0,american,ny
The Longshoreman,40.68472,-74.0027,43,4.5,american,ny
Uluh,40.7293403,-73.9866071,239,4.5,american,ny
Ravagh Persian Grill,40.74564,-73.9855,756,4.0,american,ny
HYUN,40.7474,-73.98444,85,4.0,american,ny
Yemen Cafe & Restaurant,40.6899167976363,-73.9936561765076,493,4.5,american,ny
Tomiño Taberna Gallega,40.7192978908919,-73.9969160361937,221,4.5,american,ny
Tre,40.72184,-73.987714,462,4.0,american,ny
Sola Pasta Bar,40.72229,-74.00403,200,4.0,american,ny
Decoy,40.734196,-74.006519,414,4.0,american,ny
KazuNori  | The Original Hand Roll Bar,40.74519,-73.98824,865,4.5,american,ny
Han Dynasty,40.6911319610036,-73.9825977757573,245,4.0,american,ny
Joseph Leonard,40.7336021670705,-74.001675412843,653,4.0,american,ny
Le French Diner,40.7218274586187,-73.9879689992204,111,4.5,american,ny
Harvest Kitchen,40.777697,-73.978357,85,4.0,american,ny
Eugene & Co,40.6838112,-73.9438324,195,4.0,american,ny
Calle Dao - Chelsea,40.7476515,-74.0037312,538,4.5,american,ny
Rabbithole Restaurant,40.7122932799856,-73.9628687873483,810,4.0,american,ny
Taureau,40.72452,-74.00569,570,4.5,american,ny
Cooper's Craft & Kitchen,40.742702,-74.000778,377,4.0,american,ny
Nowadays,40.6930436149127,-73.901419658197,160,3.5,american,ny
Hourglass Tavern,40.760952,-73.9903269,751,4.0,american,ny
Della,40.65287,-73.97631,113,4.0,american,ny
Tamarind,40.71909,-74.00892,891,4.0,american,ny
Mesa Coyoacan,40.715528,-73.944273,750,4.0,american,ny
Bao Bao Cafe,40.70854,-74.01367,170,4.0,american,ny
The Usual,40.72056,-73.99527,100,4.0,american,ny
Manhattan Proper,40.713341940631,-74.0080507346,331,4.0,american,ny
Miznon,40.742575,-74.006206,309,4.0,american,ny
Smithfield Hall,40.7447532620452,-73.9934939850447,458,4.0,american,ny
Santa Panza,40.6947,-73.93068,150,4.5,american,ny
The Smith,40.74424,-73.98878,915,4.0,american,ny
Los Papi's,40.7021,-73.98444,75,4.0,american,ny
Unagi,40.72084,-73.99601,49,4.0,american,ny
Bubby's High Line,40.7395398791443,-74.0078054871199,753,3.5,american,ny
Nish Nush,40.715688,-74.007695,702,4.5,american,ny
Via Carota,40.7331,-74.00369,505,4.0,american,ny
Zutto Japanese American Pub,40.71847,-74.00903,870,4.0,american,ny
Mighty Quinn's Barbeque,40.727574,-73.988623,1738,4.0,american,ny
Casa Nonna,40.75496,-73.99247,528,4.0,american,ny
The Fulton,40.7053694327276,-74.0010633899353,142,3.5,american,ny
Barboncino Pizza & Bar,40.67206,-73.95717,924,4.0,american,ny
Laut,40.73756,-73.9911,1188,3.5,american,ny
Randolph Beer,40.7120096,-73.9634612,371,4.0,american,ny
Yia Yia's Taverna,40.70401,-73.93086,128,5.0,american,ny
The Polo Bar,40.761559099,-73.9743427135,402,4.0,american,ny
Mekelburg's,40.687542,-73.962334,250,4.0,american,ny
Cent'Anni,40.6730907423467,-73.9573492245369,413,3.5,american,ny
MAMO Restaurant,40.72186,-74.00382,244,4.0,american,ny
Maiella,40.7470416595732,-73.956579002435,850,4.0,american,ny
Pier A Harbor House,40.704364,-74.018051,639,3.0,american,ny
Le Garage,40.6993863968861,-73.9265948743181,145,4.0,american,ny
Sushumai Asian Fusion,40.7211610690848,-73.9872866123915,173,4.5,american,ny
Tavern on Jane,40.73822,-74.00426,403,4.0,american,ny
Quality Eats,40.7345,-74.00004,411,4.0,american,ny
Bunny,40.68202,-73.94977,30,5.0,american,ny
Pinch Chinese,40.72645,-74.0018,326,4.0,american,ny
Flame,40.78396,-73.97444,382,4.0,american,ny
Bustan,40.7859082,-73.9759551,495,4.0,american,ny
The Meatball Shop,40.736125,-74.000607,862,4.0,american,ny
Zum Schneider,40.72421,-73.978862,580,4.0,american,ny
Kor Tor Mor,40.6846634,-73.9918633,232,4.0,american,ny
Fishing Restaurant Zauo,40.7444,-73.99455,224,4.0,american,ny
Sweet Chick,40.67763,-73.97255,587,4.0,american,ny
Harry's,40.704512,-74.009834,672,4.0,american,ny
B Squared,40.7615509,-73.9906616,422,4.5,american,ny
Apollonia,40.70785,-73.94476,28,4.5,american,ny
LunÀtico,40.6834345006833,-73.9346118563989,107,4.5,american,ny
Hunan Slurp,40.72669,-73.98563,205,4.0,american,ny
Ootoya Times Square,40.75487,-73.98599,900,4.0,american,ny
Fausto,40.67597,-73.97181,145,4.0,american,ny
Tatsu Ramen,40.72908,-73.98446,413,4.0,american,ny
Counter & Bodega,40.745,-73.9982,76,4.5,american,ny
CajunSea & Oyster Bar,40.7483352,-73.9867701,1214,4.0,american,ny
Bap,40.74618,-73.97802,117,4.5,american,ny
